基金代號,基金名稱,標的指數/追蹤指數名稱,總機,基金類型,英文名稱,地址,董事長,發言人,總經理,代理發言人,投資經理人,統一編號,總代理人,上市日期,成立日期,發行單位數/轉換數,過戶機構,過戶電話,過戶地址,指數股票型基金(ETF)之標的指數是否包含外國成份股,備註
50,元大台灣卓越50證券投資信託基金,臺灣50指數,(02)27175555,國內成分證券指數股票型基金,Yuanta/P-shares Taiwan Top 50 ETF,臺北市大安區敦化南路二段69號18樓及67號地下一層,劉宗聖,陳沛宇,陳沛宇,林瑞源,陳重銓,98764389,,092/06/30,092/06/25,"2,422,000,000",臺灣集中保管結算所股份有限公司,(02)27195805,台北市復興北路363號11樓,否,
51,元大台灣中型100證券投資信託基金,臺灣中型100指數,(02)27175555,國內成分證券指數股票型基金,Yuanta/P-shares Taiwan Mid-Cap 100 ETF,臺北市大安區敦化南路二段69號18樓及67號地下一層,劉宗聖,陳沛宇,陳沛宇,林瑞源,邱鉦淵,48772770,,095/08/31,095/08/24,"16,500,000",臺灣集中保管結算所股份有限公司,(02)27195805,台北市復興北路363號11樓,否,
52,富邦台灣科技指數證券投資信託基金,臺灣資訊科技指數,(02)8771-6688,國內成分證券指數股票型基金,Fubon Taiwan Technology Tracker Fund,台北市敦化南路一段108號8樓,史綱,史綱,林欣怡,林欣怡,陳又又吉,48790067,,095/09/12,095/08/28,"43,500,000",富邦證券投資信託股份有限公司,(02)8771-6688,台北市敦化南路一段108號8樓,否,
53,元大台灣ETF傘型證券投資信託基金之電子科技證券投資信託基金,電子類加權股價指數,(02)27175555,國內成分證券指數股票型基金,Yuanta/P-shares Taiwan Electronics Tech ETF,臺北市大安區敦化南路二段69號18樓及67號地下一層,劉宗聖,陳沛宇,陳沛宇,林瑞源,蔡宗勳,48903196,,096/07/16,096/07/04,"4,988,000",臺灣集中保管結算所股份有限公司,(02)27195805,台北市復興北路363號11樓,否,
54,元大台灣ETF傘型證券投資信託基金之台商收成證券投資信託基金,S&P台商收成指數,(02)27175555,國內成分證券指數股票型基金,Yuanta/P-shares S&P Custom China Play 50 ETF,臺北市大安區敦化南路二段67號地下一層,劉宗聖,陳沛宇,陳沛宇,林瑞源,陳威志,48903180,,096/07/16,096/07/04,"4,124,000",臺灣集中保管結算所股份有限公司,(02)27195805,台北市復興北路363號11樓,否,
55,元大台灣ETF傘型證券投資信託基金之金融證券投資信託基金,MSCI台灣金融指數,(02)27175555,國內成分證券指數股票型基金,Yuanta/P-shares MSCI Taiwan Financials ETF,臺北市大安區敦化南路二段69號18樓及67號地下一層,劉宗聖,陳沛宇,陳沛宇,林瑞源,程惇亞,48903175,,096/07/16,096/07/04,"74,154,000",臺灣集中保管結算所股份有限公司,(02)27195805,台北市復興北路363號11樓,否,
56,元大台灣高股息證券投資信託基金,臺灣高股息指數,(02)27175555,國內成分證券指數股票型基金,Yuanta/P-shares Taiwan Dividend Plus ETF,臺北市大安區敦化南路二段69號18樓及67號地下一層,劉宗聖,陳沛宇,陳沛宇,林瑞源,陳威志,48966213,,096/12/26,096/12/13,"6,217,034,000",臺灣集中保管結算所股份有限公司,(02)27195805,台北市復興北路363號11樓,否,
57,富邦台灣ETF傘型證券投資信託基金之富邦台灣摩根指數股票型證券投資信託基金,MSCI&#174;臺灣指數,(02)8771-6688,國內成分證券指數股票型基金,FUBON MSCI  TAIWAN ETF,台北市敦化南路一段108號8樓,史綱,史綱,林欣怡,林欣怡,陳又又吉,48975156,,097/02/27,097/02/14,"1,527,000",富邦證券投資信託股份有限公司,(02)8771-6688,台北市敦化南路一段108號8樓,否,
58,富邦台灣ETF傘型證券投資信託基金之富邦台灣發達指數股票型證券投資信託基金,臺灣發達指數,(02)8771-6688,國內成分證券指數股票型基金,FUBON TAIWAN EIGHT INDUSTRIES ETF,台北市敦化南路一段108號8樓,胡德興,胡德興,李明州,李明州,簡伯容,48977083,,097/02/27,097/02/14,"696,000",富邦證券投資信託股份有限公司,(02)8771-6688,台北市敦化南路一段108號8樓,否,
59,富邦台灣ETF傘型證券投資信託基金之富邦台灣金融指數股票型證券投資信託基金,金融保險類股指數,(02)8771-6688,國內成分證券指數股票型基金,FUBON TAIWAN FINANCE  ETF,台北市敦化南路一段108號8樓,胡德興,胡德興,李明州,李明州,楊貽甯,48975162,,097/02/27,097/02/14,"973,000",富邦證券投資信託股份有限公司,(02)8771-6688,台北市敦化南路一段108號8樓,否,
60,元大新台灣證券投資信託基金,未含電子股50指數,(02)27175555,國內成分證券指數股票型基金,Yuanta/P-shares TWSE Taiwan Non－Tech 50 ETF,台北市敦化南路一段66號5~6樓、68號2樓之1,林武田,劉宗聖,劉宗聖,張浴澤,謝宜蓁,10342511,,097/08/18,097/08/06,"1,153,000",臺灣集中保管結算所股份有限公司,(02)27195805,台北市復興北路363號11樓,否,
61,元大標智滬深300證券投資信託基金,滬深300指數,(02)27175555,連結式證券指數股票型基金,W.I.S.E. Yuanta/P-shares CSI 300 ETF,臺北市大安區敦化南路二段69號18樓及67號地下一層,劉宗聖,陳沛宇,陳沛宇,林瑞源,張克豪,25610486,,098/08/17,098/08/04,"129,116,000",臺灣集中保管結算所股份有限公司,(02)27195805,台北市復興北路363號11樓,是,
6203,元大摩臺證券投資信託基金,MSCI&#174;臺灣指數,(02)27175555,國內成分證券指數股票型基金,Yuanta/ P-shares MSCI Taiwan ETF,臺北市大安區敦化南路二段69號18樓及67號地下一層,劉宗聖,陳沛宇,陳沛宇,林瑞源,李政剛,26306553,,100/05/12,100/04/21,"12,218,000",臺灣集中保管結算所股份有限公司,(02)27195805,台北市復興北路363號11樓,否,
6204,永豐臺灣加權ETF證券投資信託基金,臺灣證券交易所發行量加權股價指數,(02)2361-8110,國內成分證券指數股票型基金,Sinopac TAIEX ETF,100台北市博愛路17號13樓,陳思寬,羅瑞媛,濮樂偉,陳傳毅,張怡琳,26332314,,100/09/28,100/09/06,"130,796,731",永豐證券投資信託股份有限公司,(02)2361-8110,100台北市博愛路17號13樓,否,
6205,富邦上証180證券投資信託基金,上証180指數,(02)8771-6688,國外成分證券指數股票型基金,Fubon SSE180 ETF,台北市敦化南路一段108號8樓,史綱,史綱,林欣怡,林欣怡,楊貽甯,26334740,,100/09/26,100/08/30,"184,272,000",富邦證券投資信託股份有限公司,(02)8771-6688,台北市敦化南路一段108號8樓,是,
6206,元大中國傘型證券投資信託基金之上證50證券投資信託基金,上證50指數,(02)27175555,國外成分證券指數股票型基金,Yuanta/P-shares SSE50 ETF,臺北市大安區敦化南路二段69號18樓及67號地下一層,劉宗聖,陳沛宇,陳沛宇,林瑞源,陳重銓,31830488,,101/05/11,101/04/25,"53,278,000",臺灣集中保管結算所股份有限公司,(02)27195805,台北市復興北路363號11樓,是,
6207,復華滬深300 A股證券投資信託基金,滬深300指數,(02)8161-6800,國外成分證券指數股票型基金,Fuh Hwa CSI 300 A Shares Exchange Traded Fund,台北市八德路二段308號8樓,杜俊雄,張偉智,張偉智,無,廖崇文,31835478,,101/06/22,101/06/05,"33,892,000",臺灣集中保管結算所股份有限公司,(02)2719-5805,台北市復興北路363號11樓,是,
6208,富邦台灣釆吉50 證券投資信託基金,臺灣50指數,(02)8771-6688,國內成分證券指數股票型基金,Fubon FTSE TWSE Taiwan 50 ETF,台北市敦化南路108號8樓,史綱,史綱,林欣怡,林欣怡,洪珮甄,31840182,富邦投信,101/07/17,101/06/22,"815,540,000",富邦證券投資信託股份有限公司,(02)8771-6688,台北市敦化南路一段108號8樓,否,
00625K,富邦上証180證券投資信託基金-加掛人民幣ETF受益憑證-國外成份/加掛外幣證券指數股票型基金,上証180指數,(02)8771-6688,國外成份/加掛外幣證券指數股票型基金,FUBON SSE 180 ETF RMB,台北市敦化南路一段108號8樓,史綱,史綱,林欣怡,林欣怡,楊貽甯,26334740,,105/08/08,105/08/08,"363,000",富邦證券投資信託股份有限公司,(02)8771-6688,台北市敦化南路一段108號8樓,是,
00631L,元大ETF傘型證券投資信託基金之台灣50單日正向2倍證券投資信託基金,臺灣50指數,(02)27175555,槓桿/反向指數股票型基金,Yuanta Daily Taiwan 50 Bull 2X ETF,臺北市大安區敦化南路二段69號18樓及67號地下一層,劉宗聖,陳沛宇,陳沛宇,林瑞源,李政剛,38619904,,103/10/31,103/10/23,"76,584,000",臺灣集中保管結算所股份有限公司,(02)27195805,臺北市復興北路363號11樓,否,
00632R,元大ETF傘型證券投資信託基金之台灣50單日反向1倍證券投資信託基金,臺灣50指數,(02)27175555,槓桿/反向指數股票型基金,Yuanta Daily Taiwan 50 Bear -1X ETF,臺北市大安區敦化南路二段69號18樓及67號地下一層,劉宗聖,陳沛宇,陳沛宇,林瑞源,陳威志,38619910,,103/10/31,103/10/23,"8,059,649,000",臺灣集中保管結算所股份有限公司,(02)27195805,臺北市復興北路363號11樓,否,
00633L,富邦中國ETF傘型證券投資信託基金之富邦上証180單日正向兩倍證券投資信託基金,上証180兩倍槓桿指數,(02)8771-6688,槓桿/反向指數股票型基金,Fubon SSE 180 Leveraged 2X Index ETF,台北市敦化南路一段108號8樓,史綱,史綱,林欣怡,林欣怡,楊貽甯,38633011,富邦投信,103/11/25,103/11/11,"275,458,000",富邦證券投資信託股份有限公司,(02)8771-6688,台北市敦化南路一段108號8樓,是,
00634R,富邦中國ETF傘型證券投資信託基金之富邦上証180單日反向一倍證券投資信託基金,上証180反向指數,(02)8771-6688,槓桿/反向指數股票型基金,Fubon SSE 180 Inversed Index ETF,台北市敦化南路一段108號8樓,史綱,史綱,林欣怡,林欣怡,溫芳儀,38633027,富邦投信,103/11/25,102/11/11,"63,756,000",富邦證券投資信託股份有限公司,(02)8771-6688,台北市敦化南路一段108號8樓,是,
00635U,元大標普高盛黃金ER指數股票型期貨信託基金,標普高盛黃金ER指數,02-27175555,指數股票型期貨信託基金,Yuanta S&P GSCI Gold ER Futures ETF,臺北市大安區敦化南路二段69號18樓及67號地下一層,劉宗聖,陳沛宇,陳沛宇,林瑞源,洪佑銘,38651191,,104/04/15,104/04/01,"41,014,000",臺灣集中保管結算所股份有限公司,(02)27195805,台北市復興北路363號11樓,是,
636,國泰富時中國A50證券投資信託基金,富時中國A50指數,227008399,國外成分證券指數股票型基金,Cathay FTSE China A50 ETF,台北市大安區敦化南路2段39號6樓,張錫,吳惠君,張雍川,張永輝,鄭立誠,42260528,國泰證券投資信託股份有限公司,104/04/01,104/03/20,"226,946,000",台灣集中保管結算所股份有限公司,227195805,台北市復興北路363號11樓,是,
00636K,國泰富時中國A50證券投資信託基金(加掛美元受益憑證)-國外成份/加掛外幣證券指數股票型基金,富時中國A50指數,227008399,國外成份/加掛外幣證券指數股票型基金,Cathay FTSE China A50 ETF,台北市大安區敦化南路2段39號6樓,張錫,吳惠君,張雍川,張永輝,鄭立誠,42260528,國泰證券投資信託股份有限,106/10/24,106/10/24,"62,100",台灣集中保管結算所股份有限公司,227195805,台北市復興北路363號11樓,是,
00637L,元大滬深300傘型證券投資信託基金之滬深300單日正向2倍證券投資信託基金,滬深300日報酬正向兩倍指數,02-27175555,槓桿/反向指數股票型基金,Yuanta Daily CSI300 Bull 2X ETF,臺北市大安區敦化南路二段69號18樓及67號地下一層,劉宗聖,陳沛宇,陳沛宇,林瑞源,李舒禾,42300253,,104/05/18,104/05/06,"1,676,106,000",臺灣集中保管結算所股份有限公司,(02)27195805,台北市復興北路363號11樓,是,
00638R,元大滬深300傘型證券投資信託基金之滬深300單日反向1倍證券投資信託基金,滬深300日報酬反向一倍指數,02-27175555,槓桿/反向指數股票型基金,Yuanta Daily CSI 300 Bear -1X ETF,臺北市大安區敦化南路二段69號18樓及67號地下一層,劉宗聖,陳沛宇,陳沛宇,林瑞源,張克豪,42300232,,104/05/18,104/05/06,"39,948,000",臺灣集中保管結算所股份有限公司,(02)27195805,台北市復興北路363號11樓,是,
639,富邦深証100證券投資信託基金,深証100指數,(02)8771-6688,國外成分證券指數股票型基金,Fubon SZSE 100 ETF,台北市敦化南路一段108號8樓,史綱,史綱,林欣怡,林欣怡,溫芳儀,42302273,富邦投信,104/06/09,104/05/20,"148,403,000",富邦證券投資信託股份有限公司,(02)8771-6688,台北市敦化南路一段108號8樓,是,
00640L,富邦日本ETF傘型證券投資信託基金之富邦日本東証單日正向兩倍證券投資信託基金,東証正向二倍指數,(02)8771-6688,槓桿/反向指數股票型基金,Fubon TOPIX Leveraged 2X Index ETF,台北市敦化南路一段108號8樓,史綱,史綱,林欣怡,林欣怡,洪珮甄,42319561,富邦投信,104/09/10,104/08/27,"15,919,000",富邦證券投資信託股份有限公司,(02)8771-6688,台北市敦化南路一段108號8樓,是,
00641R,富邦日本ETF傘型證券投資信託基金之富邦日本東証單日反向一倍證券投資信託基金,東証反向一倍指數,(02)8771-6688,槓桿/反向指數股票型基金,Fubon TOPIX Inverse-1X Index ETF,台北市敦化南路一段108號8樓,史綱,史綱,林欣怡,林欣怡,楊貽甯,42319582,富邦投信,104/09/10,104/08/27,"45,258,000",富邦證券投資信託股份有限公司,(02)8771-6688,台北市敦化南路一段108號8樓,是,
00642U,元大標普高盛原油ER指數股票型期貨信託基金,標普高盛原油增強超額回報指數,02-27175555,指數股票型期貨信託基金,Yuanta S&P GSCI Crude Oil ER Futures ETF,臺北市大安區敦化南路二段69號18樓及67號地下一層,劉宗聖,陳沛宇,陳沛宇,林瑞源,黃議玄,42320363,,104/09/07,104/08/27,"137,321,000",臺灣集中保管結算所股份有限公司,(02)27195805,台北市復興北路363號11樓,是,
643,群益深証中小１００證券投資信託基金,中小企業１００指數,(02)27067688,國外成分證券指數股票型基金,CAPITAL SZSE SME １００ INDEX EXCHANGE TRADED FUND,台北市大安區敦化南路二段69號15樓,賴政昇,林慧玟,陳明輝,無,張菁惠,42323777,無,104/12/02,104/11/12,"107,700,000",群益證券投資信託股份有限公司,(02)27067688,台北市大安區敦化南路二段69號15樓,是,
00643K,群益深証中小１００證券投資信託基金加掛—人民幣ETF受益憑證-國外成份/加掛外幣證券指數股票型基金,中小企業１００指數,(02)27067688,國外成份/加掛外幣證券指數股票型基金,CAPITAL SZSE SME １００ INDEX EXCHANGE TRADED FUND,臺北市大安區敦化南路二段69號15樓,賴政昇,林慧玟,陳明輝,無,張菁蕙,42323777,無,105/08/26,104/11/12,"127,000",群益證券投資信託股份有限公司,(02)27067688,臺北市大安區敦化南路二段69號15樓,是,
645,富邦日本東証證券投資信託基金,東證股價指數,(02)8771-6688,國外成分證券指數股票型基金,Fubon TOPIX ETF,台北市敦化南路一段108號8樓,史綱,史綱,林欣怡,林欣怡,楊貽甯,42328908,富邦投信,104/11/06,104/10/28,"53,997,000",富邦證券投資信託股份有限公司,(02)8771-6688,台北市敦化南路一段108號8樓,是,
646,元大標普500傘型證券投資信託基金之標普500證券投資信託基金,標普500指數,02-27175555,國外成分證券指數股票型基金,Yuanta S&P 500 ETF,臺北市大安區敦化南路二段69號18樓及67號地下一層,劉宗聖,陳沛宇,陳沛宇,林瑞源,盧永祥,42333613,,104/12/14,104/12/02,"368,985,000",臺灣集中保管結算所股份有限公司,(02)27195805,台北市復興北路363號11樓,是,
00647L,元大標普500傘型證券投資信託基金之標普500單日正向2倍證券投資信託基金,標普500 2倍槓桿指數,02-27175555,槓桿/反向指數股票型基金,Yuanta Daily S&P 500 Bull 2X ETF,臺北市大安區敦化南路二段69號18樓及67號地下一層,劉宗聖,陳沛宇,陳沛宇,林瑞源,方雅婷,42333579,,104/12/14,104/12/02,"7,416,000",臺灣集中保管結算所股份有限公司,02-27195805,台北市復興北路363號11樓,是,
00648R,元大標普500傘型證券投資信託基金之標普500單日反向1倍證券投資信託基金,標普500反向指數,02-27175555,槓桿/反向指數股票型基金,Yuanta Daily S&P 500 Bear 1X ETF,臺北市大安區敦化南路二段69號18樓及67號地下一層,劉宗聖,陳沛宇,陳沛宇,林瑞源,方雅婷,42333563,,104/12/14,104/12/02,"182,188,000",臺灣集中保管結算所股份有限公司,02-27195805,台北市復興北路363號11樓,是,
649,復華香港ETF傘型證券投資信託基金之復華恒生證券投資信託基金,恒生指數,(02)8161-6800,國外成分證券指數股票型基金,Fuh Hwa Hang Seng ETF,台北市八德路二段308號8樓,杜俊雄,周輝啟,周輝啟,無,劉妙惠,42329884,,105/01/27,105/01/13,"4,272,000",臺灣集中保管結算所股份有限公司,(02)2719-5805,台北市復興北路363號11樓,是,
00650L,復華香港ETF傘型證券投資信託基金之復華恒生單日正向二倍證券投資信託基金,恒指槓桿指數,(02)8161-6800,槓桿/反向指數股票型基金,Fuh Hwa Daily Hang Seng Leveraged 2X ETF,台北市八德路二段308號8樓,杜俊雄,張偉智,張偉智,無,廖崇文,42329863,,105/01/27,105/01/13,"182,838,000",臺灣集中保管結算所股份有限公司,(02)2719-5805,台北市復興北路363號11樓,是,
00651R,復華香港ETF傘型證券投資信託基金之復華恒生單日反向一倍證券投資信託基金,恒指短倉指數,(02)8161-6800,槓桿/反向指數股票型基金,Fuh Hwa Daily Hang Seng Inversed ETF,台北市八德路二段308號8樓,杜俊雄,張偉智,張偉智,無,廖崇文,42329879,,105/01/27,105/01/13,"28,192,000",臺灣集中保管結算所股份有限公司,(02)2719-5805,台北市復興北路363號11樓,是,
652,富邦印度ETF傘型證券投資信託基金之富邦印度NIFTY證券投資信託基金,NIFTY指數,(02)8771-6688,國外成分證券指數股票型基金,Fubon NIFTY ETF,台北市敦化南路一段108號8樓,史綱,史綱,林欣怡,林欣怡,溫芳儀,42376963,富邦投信,105/03/29,105/03/16,"35,535,000",富邦證券投資信託股有限公司,(02)8771-6688,台北市敦化南路一段108號8樓,是,
00653L,富邦印度ETF傘型證券投資信託基金之富邦印度NIFTY單日正向兩倍證券投資信託基金,NIFTY正向2倍指數,(02)8771-6688,槓桿/反向指數股票型基金,Fubon NIFTY 2X Leveraged Index ETF,台北市敦化南路一段108號8樓,史綱,史綱,林欣怡,林欣怡,王辰方,42376990,富邦投信,105/03/29,105/03/16,"13,903,000",富邦證券投資信託股份有限公司,(02)8771-6688,台北市敦化南路一段108號8樓,是,
00654R,富邦印度ETF傘型證券投資信託基金之富邦印度NIFTY單日反向一倍證券投資信託基金,NIFTY反向1倍指數,(02)8771-6688,槓桿/反向指數股票型基金,Fubon NIFTY -1 Inverse Index ETF,台北市敦化南路一段108號8樓,史綱,史綱,林欣怡,林欣怡,王辰方,42376984,富邦投信,105/03/29,105/03/16,"26,466,000",富邦證券投資信託股份有限公司,(02)8771-6688,台北市敦化南路一段108號8樓,是,
00655L,國泰A50傘型證券投資信託基金之富時中國A50單日正向2倍證券投資信託基金,富時中國A50兩倍槓桿指數,227008399,槓桿/反向指數股票型基金,Cathay FTSE China A50 Daily Leveraged 2X ETF,台北市大安區敦化南路二段39號6樓,張錫,吳惠君,張雍川,張永輝,游日傑,42385148,國泰證券投資信託股份有限公司,105/03/18,105/03/08,"132,458,000",台灣集中保管結算所股份有限公司,227195805,台北市復興北路363號11樓,是,
00656R,國泰A50傘型證券投資信託基金之富時中國A50單日反向1倍證券投資信託基金,富時中國A50反向指數,227008399,槓桿/反向指數股票型基金,Cathay FTSE China A50 Daily Inversed  ETF,台北市大安區敦化南路二段39號6樓,張錫,吳惠君,張雍川,張永輝,楊子慧,42385127,國泰證券投資信託股份有限公司,105/03/18,105/03/08,"16,857,000",台灣集中保管結算所股份有限公司,227195805,台北市復興北路363號11樓,是,
657,國泰日本ETF傘型證券投資信託基金之日經225證券投資信託基金,日經225,227008399,國外成分證券指數股票型基金,Cathay Nikkei 225 Currency-hedged ETF Fund,台北市大安區敦化南路二段39號6樓,張錫,吳惠君,張雍川,張永輝,游日傑,42389475,國泰證券投資信託股份有限公司,105/05/09,105/04/25,"18,613,000",台灣集中保管結算所股份有限公司,227195805,台北市復興北路363號11樓,是,
00657K,國泰日經225證券投資信託基金(加掛美元受益憑證)-國外成份/加掛外幣證券指數股票型基金,日經225,227008399,國外成份/加掛外幣證券指數股票型基金,Cathay Nikkei 225 Currency-hedged ETF Fund(USD),台北市大安區敦化南路二段39號6樓,張錫,吳惠君,張雍川,張永輝,游日傑,42389475,國泰證券投資信託股份有限公司,106/10/24,106/10/24,"29,900",台灣集中保管結算所股份有限公司,227195805,台北市復興北路363號11樓,是,
00658L,國泰日本ETF傘型證券投資信託基金之富時日本單日正向2倍證券投資信託基金,富時日本單日正向2倍指數,227008399,槓桿/反向指數股票型基金,Cathay FTSE Japan Daily Leveraged 2X ETF Fund,台北市大安區敦化南路二段39號6樓,張錫,吳惠君,張雍川,張永輝,游日傑,42389496,國泰證券投資信託股份有限公司,105/05/09,105/04/25,"845,000",台灣集中保管結算所股份有限公司,227195805,台北市復興北路363號11樓,是,
00659R,國泰日本ETF傘型證券投資信託基金之富時日本單日反向1倍證券投資信託基金,富時日本單日反向1倍指數,227008399,槓桿/反向指數股票型基金,Cathay FTSE Japan Daily Inversed ETF Fund,台北市大安區敦化南路二段39號6樓,張錫,吳惠君,張雍川,張永輝,游日傑,42389480,國泰證券投資信託股份有限公司,105/05/09,105/04/25,"3,080,000",台灣集中保管結算所股份有限公司,227195805,台北市復興北路363號11樓,是,
660,元大已開發國家傘型證券投資信託基金之元大歐洲50證券投資信託基金,歐洲 STOXX50 指數,02-27175555,國外成分證券指數股票型基金,Yuanta EURO STOXX 50 ETF,臺北市大安區敦化南路二段69號18樓及67號地下一層,劉宗聖,陳沛宇,陳沛宇,林瑞源,許家瑋,42398684,,105/06/15,105/06/01,"8,031,000",臺灣集中保管結算所股份有限公司,(02)27195805,台北市復興北路363號11樓,是,
661,元大已開發國家傘型證券投資信託基金之元大日經225證券投資信託基金,日經225指數,02-27175555,國外成分證券指數股票型基金,Yuanta Nikkei 225 ETF,臺北市大安區敦化南路二段69號18樓及67號地下一層,劉宗聖,陳沛宇,陳沛宇,林瑞源,盧永祥,42398663,,105/06/15,105/06/01,"22,925,000",臺灣集中保管結算所股份有限公司,(02)27195805,台北市復興北路363號11樓,是,
662,富邦NASDAQ-100證券投資信託基金,NASDAQ-100 指數,(02)8771-6688,國外成分證券指數股票型基金,Fubon  NASDAQ-100  ETF,台北市敦化南路一段108號8樓,史綱,史綱,林欣怡,林欣怡,王辰方,42399305,富邦投信,105/06/17,105/06/03,"305,029,000",富邦證券投資信託股份有限公司,(02)8771-6688,台北市敦化南路一段108號8樓,是,
00663L,國泰臺指ETF傘型證券投資信託基金之臺灣加權指數單日正向2倍證券投資信託基金,臺灣加權指數單日正向2倍指數,227008399,槓桿/反向指數股票型基金,Cathay TAIEX Daily Leveraged 2X ETF Fund,台北市大安區敦化南路二段39號6樓,張錫,吳惠君,張雍川,張永輝,游日傑,42404264,國泰證券投資信託股份有限公司,105/07/14,105/07/01,"1,809,000",台灣集中保管結算所託股份有限公,227195805,台北市復興北路363號11樓,否,
00664R,國泰臺指ETF傘型證券投資信託基金之臺灣加權指數單日反向1倍證券投資信託基金,臺灣證券交易所發行量加權股價日報酬反向一倍指數,227008399,槓桿/反向指數股票型基金,Cathay TAIEX Daily Inversed ETF,台北市大安區敦化南路二段39號6樓,張錫,吳惠君,張雍川,張永輝,游日傑,42404258,國泰證券投資信託股份有限公司,105/07/14,105/07/01,"399,075,000",台灣集中保管結算所股份有限公司,227195805,台北市復興北路363號11樓,否,
00665L,富邦恒生國企ETF傘型證券投資信託基金之富邦恒生國企單日正向兩倍證券投資信託基金,恒生國企槓桿指數,(02)8771-6688,槓桿/反向指數股票型基金,Fubon Hang Seng China Enterprises Leveraged Index ETF,台北市敦化南路一段108號8樓,史綱,史綱,林欣怡,林欣怡,蘇筱婷,42404573,富邦投信,105/08/05,105/07/21,"491,465,000",富邦證券投資信託股份有限公司,(02)8771-6688,台北市敦化南路一段108號8樓,是,
00666R,富邦恒生國企ETF傘型證券投資信託基金之富邦恒生國企單日反向一倍證券投資信託基金,恒生國企短倉指數,(02)8771-6688,槓桿/反向指數股票型基金,Fubon Hang Seng China Enterprises Inverse Index ETF,台北市敦化南路一段108號8樓,史綱,史綱,林欣怡,林欣怡,陳又又吉,42404567,富邦投信,105/08/05,105/07/21,"8,124,000",富邦證券投資信託股份有限公司,(02)8771-6688,台北市敦化南路一段108號8樓,是,
667,元大韓國KOSPI 200證券投資信託基金,KOSPI 200指數,(02)27175555,國外成分證券指數股票型基金,Yuanta KOSPI 200 ETF,台北市中山區南京東路三段219號11樓,黃古彬,劉宗聖,劉宗聖,黃昭棠,李孟霞,42441583,,105/10/07,105/09/30,"929,000",臺灣集中保管結算所股份有限公司,(02)27195805,台北市復興北路363號11樓,是,
668,國泰美國ETF傘型證券投資信託基金之道瓊工業平均指數證券投資信託基金,道瓊斯工業平均指數,227008399,國外成分證券指數股票型基金,Cathay DJIA ETF,台北市大安區敦化南路二段39號6樓,張錫,吳惠君,張雍川,張永輝,張家璇,42443225,國泰證券投資信託股份有限公司,105/10/17,105/10/03,"6,058,000",台灣集中保管結算所股份有限公司,227195805,台北市復興北路363號11樓,是,
00668K,國泰道瓊工業平均指數證券投資信託基金(加掛美元受益憑證)-國外成份/加掛外幣證券指數股票型基金,道瓊斯工業平均指數,227008399,國外成份/加掛外幣證券指數股票型基金,Cathay Dow Jones Industrial Average ETF(USD),台北市大安區敦化南路二段39號6樓,張錫,吳惠君,張雍川,張永輝,張家璇,42443225,國泰證券投資信託股份有限公司,106/10/24,106/10/24,"10,500",台灣集中保管結算所股份有限公司,227195805,台北市復興北路363號11樓,是,
00669R,國泰美國ETF傘型證券投資信託基金之道瓊工業平均指數單日反向1倍證券投資信託基金,道瓊斯工業平均單日反向指數,227008399,槓桿/反向指數股票型基金,Cathay DJIA Inv 1X ETF,台北市大安區敦化南路二段39號6樓,張錫,吳惠君,張雍川,張永輝,游日傑,42443203,國泰證券投資信託股份有限公司,105/10/17,105/10/03,"300,117,000",台灣集中保管結算所股份有限公司,227195805,台北市復興北路363號11樓,是,
00670L,富邦NASDAQ-100 ETF 傘型證券投資信託基金之富邦NASDAQ-100單日正向兩倍證券投資信託基金,NASDAQ-100正向2倍指數,(02)8771-6688,槓桿/反向指數股票型基金,Fubon NASDAQ-100  2X Leveraged Index ETF,台北市敦化南路一段108號8樓,史綱,史綱,林欣怡,林欣怡,王辰方,42441710,富邦投信,106/02/21,106/02/14,"70,645,000",富邦證券投資信託股份有限公司,(02)8771-6688,台北市敦化南路一段108號8樓,是,
00671R,富邦NASDAQ-100 ETF傘型證券投資信託基金之富邦NASDAQ-100 單日反向一倍證券投資信託基金,NASDAQ-100反向1倍指數,(02)8771-6688,槓桿/反向指數股票型基金,Fubon NASDAQ-100 -1X  Inverse Index ETF,台北市敦化南路一段108號8樓,史綱,史綱,林欣怡,林欣怡,蘇筱婷,42441704,富邦投信,106/02/21,105/02/14,"552,884,000",富邦證券投資信託股份有限公司,(02)8771-6688,台北市敦化南路一段108號8樓,是,
00672L,元大標普油金傘型期貨信託基金之元大標普高盛原油ER單日正向2倍指數股票型期貨信託基金,標普高盛原油日報酬正向兩倍ER指數,02-27175555,槓桿/反向指數股票型基金,Yuanta S&P GSCI Crude Oil 2x Leveraged ER Futures ETF,臺北市大安區敦化南路二段67號地下一層,劉宗聖,謝忠賢,謝忠賢,林瑞源,曾士育,42451147,,105/10/07,105/09/30,"2,036,187,000",臺灣集中保管結算所股份有限公司,02-27195805,台北市復興北路363號11樓,是,
00673R,元大標普油金傘型期貨信託基金之元大標普高盛原油ER單日反向1倍指數股票型期貨信託基金,標普高盛原油日報酬反向一倍ER指數,02-27175555,槓桿/反向指數股票型基金,Yuanta S&P GSCI Crude Oil 1x Inverse ER Futures ETF,臺北市大安區敦化南路二段69號18樓及67號地下一層,劉宗聖,陳沛宇,陳沛宇,林瑞源,洪佑銘,42451152,,105/10/07,105/09/30,"999,703,000",臺灣集中保管結算所股份有限公司,02-27195805,台北市復興北路363號11樓,是,
00674R,元大標普油金傘型期貨信託基金之元大標普高盛黃金ER單日反向1倍指數股票型期貨信託基金,標普高盛黃金日報酬反向一倍ER指數,02-27175555,槓桿/反向指數股票型基金,Yuanta S&P GSCI Gold 1x Inverse ER FuturesETF,臺北市大安區敦化南路二段69號18樓及67號地下一層,劉宗聖,陳沛宇,陳沛宇,林瑞源,陳易廷,42451168,,105/10/07,105/09/30,"49,103,000",臺灣集中保管結算所股份有限公司,02-27195805,台北市復興北路363號11樓,是,
00675L,富邦臺灣加權ETF傘型證券投資信託基金之富邦臺灣加權單日正向兩倍證券投資信託基金,臺灣證券交易所發行量加權股價日報酬正向兩倍指數,(02)8771-6688,槓桿/反向指數股票型基金,Fubon TAIEX Daily 2X  Leveraged ETF,台北市敦化南路一段108號8樓,史綱,史綱,林欣怡,林欣怡,林威宇,42450837,富邦投信,105/10/05,105/09/23,"48,786,000",富邦證券投資信託股份有限公司,(02)8771-6688,台北市敦化南路一段108號8樓,否,
00676R,富邦臺灣加權ETF傘型證券投資信託基金之富邦臺灣加權單日反向一倍證券投資信託基金,臺灣證券交易所發行量加權股價日報酬反向一倍指數,(02)8771-6688,槓桿/反向指數股票型基金,Fubon TAIEX Daily-1X Inverse ETF,台北市敦化南路一段108號8樓,史綱,史綱,林欣怡,林欣怡,陳仲愷,42450843,富邦投信,105/10/05,105/09/23,"427,011,000",富邦證券投資信託股份有限公司,(02)8771-6688,台北市敦化南路一段108號8樓,否,
00677U,富邦標普500波動率短期期貨ER指數股票型期貨信託基金,標普500波動率短期期貨ER指數,(02)8771-6688,指數股票型期貨信託基金,Fubon S&P 500 VIX  Short-Term Futures ETF,台北市敦化南路一段108號8樓,史綱,史綱,李明州,李明州,楊邦珩,42460390,富邦投信,105/12/30,105/12/22,"1,486,708,000",富邦證券投資信託股份有限公司,(02)8771-6688,台北市敦化南路一段108號8樓,是,
678,群益那斯達克生技證券投資信託基金,那斯達克生技指數(NBI),(02)27067688,國外成分證券指數股票型基金,CAPITAL NASDAQ BIOTECHNOLOGY INDEX EXCHANGE,台北市大安區敦化南路二段69號15樓,賴政昇,林慧玟,陳明輝,無,曾盈甄,42465424,無,106/01/16,106/01/09,"8,448,000",群益證券投資信託股份有限公司,(02)27067688,台北市大安區敦化南路二段69號15樓,是,
00680L,元大美國政府20年期(以上)債券ETF傘型證券投資信託基金之元大美國政府20年期(以上)債券單日正向2倍證券投資信託基金,ICE美國政府20+年期債券2倍槓桿指數,02-27175555,槓桿/反向指數股票型基金,Yuanta Daily U.S. Treasury 20+ Year Bond Bull 2X ETF,臺北市大安區敦化南路二段69號18樓及67號地下一層,劉宗聖,陳沛宇,陳沛宇,林瑞源,陳柏彰,42461567,,106/01/17,106/01/11,"1,297,076,000",臺灣集中保管結算所股份有限公司,(02)27195805,台北市復興北路363號11樓,是,
00681R,元大美國政府20年期(以上)債券ETF傘型證券投資信託基金之元大美國政府20年期(以上)債券單日反向1倍證券投資信託基金,ICE美國政府20+年期債券1倍反向指數,02-27175555,槓桿/反向指數股票型基金,Yuanta Daily U.S. Treasury 20+ Year Bond Bear 1X ETF,臺北市大安區敦化南路二段69號18樓及67號地下一層,劉宗聖,陳沛宇,陳沛宇,林瑞源,李政儒,42461588,,106/01/17,106/01/11,"10,594,000",臺灣集中保管結算所股份有限公司,(02)27195805,台北市復興北路363號11樓,是,
00682U,元大標普美元指數傘型期貨信託基金之元大標普美元ER指數股票型期貨信託基金,標普美元ER指數,02-27175555,指數股票型期貨信託基金,Yuanta S&P US Dollar ER Futures ETF,臺北市大安區敦化南路二段69號18樓及67號地下一層,劉宗聖,陳沛宇,陳沛宇,林瑞源,黃議玄,42469717,,106/03/14,106/03/06,"10,144,000",臺灣集中保管結算所股份有限公司,02-27195805,臺北市復興北路363號11樓,是,
00683L,元大標普美元指數傘型期貨信託基金之元大標普美元ER單日正向2倍指數股票型期貨信託基金,標普美元日報酬正向兩倍ER指數,02-27175555,槓桿/反向指數股票型基金,Yuanta S&P US Dollar 2x Leverage ER Futures ETF,臺北市大安區敦化南路二段69號18樓及67號地下一層,劉宗聖,陳沛宇,陳沛宇,林瑞源,陳易廷,42469738,,106/03/14,106/03/06,"38,434,000",臺灣集中保管結算所股份有限公司,02-27195805,臺北市復興北路363號11樓,是,
00684R,元大標普美元指數傘型期貨信託基金之元大標普美元ER單日反向1倍指數股票型期貨信託基金,標普美元日報酬反向一倍ER指數,02-27175555,槓桿/反向指數股票型基金,Yuanta S&P US Dollar 1x Inverse ER Futures ETF,臺北市大安區敦化南路二段69號18樓及67號地下一層,劉宗聖,陳沛宇,陳沛宇,林瑞源,潘昶安,42469723,,106/03/14,106/03/06,"7,688,000",臺灣集中保管結算所股份有限公司,02-27195805,臺北市復興北路363號11樓,是,
00685L,群益臺灣加權指數ETF傘型證券投資信託基金之群益臺灣加權指數單日正向2倍證券投資信託基金,臺灣證券交易所發行量加權股價日報酬正向兩倍指數,(02)27067688,槓桿/反向指數股票型基金,CAPITAL TAIEX DAILY LEVERAGED 2X ETF,台北市大安區敦化南路二段69號15樓,賴政昇,林慧玟,陳明輝,無,洪祥益,42481276,無,106/03/30,106/03/23,"5,639,000",群益證券投資信託股份有限公司,(02)27067688,台北市大安區敦化南路二段69號15樓,否,
00686R,群益臺灣加權指數ETF傘型證券投資信託基金之群益臺灣加權指數單日反向1倍證券投資信託基金,臺灣證券交易所發行量加權股價日報酬反向一倍指數,(02)27067688,槓桿/反向指數股票型基金,CAPITAL TAIEX DAILY INVERSED -1X ETF,台北市大安區敦化南路二段69號15樓,賴政昇,林慧玟,陳明輝,無,洪祥益,42481260,無,106/03/30,106/03/23,"45,276,000",群益證券投資信託股份有限公司,(02)27067688,台北市大安區敦化南路二段69號15樓,否,
00688L,國泰美國債券ETF傘型證券投資信託基金之20年期(以上)美國公債指數單日正向2倍證券投資信託基金,彭博20年期(以上)美國公債單日正向2倍指數,227008399,槓桿/反向指數股票型基金,Cathay US Treasury 20+ YR Lev 2X ETF,台北市大安區敦化南路二段39號6樓,張錫,吳惠君,張雍川,張永輝,游日傑,42482747,國泰證券投資信託股份有限公司,106/04/13,106/04/06,"324,615,000",台灣集中保管結算所股份有限公司,227195805,台北市復興北路363號11樓,是,
00689R,國泰美國債券ETF傘型證券投資信託基金之20年期(以上)美國公債指數單日反向1倍證券投資信託基金,彭博20年期(以上)美國公債單日反向1倍指數,227008399,槓桿/反向指數股票型基金,Cathay US Treasury 20+ YR Inv 1X ETF,台北市大安區敦化南路二段39號6樓,張錫,吳惠君,張雍川,張永輝,游日傑,42482731,國泰證券投資信託股份有限公司,106/04/13,106/04/06,"7,889,000",台灣集中保管結算所股份有限公司,227195805,台北市復興北路363號11樓,是,
690,兆豐臺灣藍籌30ETF傘型證券投資信託基金之兆豐臺灣藍籌30 ETF證券投資信託基金,藍籌30指數,(02)21758388,國內成分證券指數股票型基金,Mega Taiwan Blue Chip 30 ETF,台北市松山區復興北路167號17樓,陳佩君,黃大川,NA,NA,吳朋鴻,42482107,無,106/03/31,106/03/27,"218,283,000",兆豐國際證券投資信託股份有限公,(02)21758388,台北市松山區復興北路167號17樓,否,
00691R,兆豐國際臺灣藍籌30ETF傘型證券投資信託基金之兆豐國際臺灣藍籌30單日反向一倍ETF證券投資信託基金,藍籌30反向一倍指數,(02)21758388,槓桿/反向指數股票型基金,Mega Taiwan Blue Chip 30 Daily Inverse ETF,台北市松山區復興北路167號17樓,程聰仁,陳駿賢,陳駿賢,陳佩君,吳朋鴻　,42482113,無,106/03/31,106/03/27,"2,106,000",兆豐國際證券投資信託股份有限公,(02)21758388,台北市松山區復興北路167號17樓,否,
692,富邦臺灣公司治理100證券投資信託基金,臺灣證券交易所公司治理100指數,(02)8771-6688,國內成分證券指數股票型基金,Fubon TWSE Corporate Governance 100 ETF,台北市敦化南路一段108號8樓,史綱,史綱,林欣怡,林欣怡,溫芳儀,42482423,富邦證券投資信託股份有限公司,106/05/17,106/05/04,"636,780,000",富邦證券投資信託股份有限公司,(02)8771-6688,台北市敦化南路一段108號8樓,否,
00693U,街口標普高盛黃豆ER指數股票型期貨信託基金,標普高盛黃豆ER指數(S&P GSCI Soybeans ER Index),(02)2750-5555,指數股票型期貨信託基金,JKO S&P GSCI Soybeans ER Futures ETF,10666臺北市大安區市民大道三段206號9樓,高武忠,王皓正,王皓正,N/A,鍾元怡,42484858,,106/04/25,106/04/17,"11,166,000",臺灣集中保管結算所股份有限公司,(02)2719-5805,臺北市復興北路363號11樓,是,
00698L,元大美國政府7至10年期債券ETF傘型證券投資信託基金之元大美國政府7至10年期債券單日正向2倍證券投資信託基金,ICE美國政府7-10年期債券2倍槓桿指數,(02)27175555,槓桿/反向指數股票型基金,Yuanta Daily U.S. Treasury 7-10 Year Bond Bull 2X ETF,台北市中山區南京東路三段219號11樓,黃古彬,劉宗聖,劉宗聖,黃昭棠,周宜縉,42469759,,106/06/23,106/06/15,"1,149,000",臺灣集中保管結算所股份有限公司,(02)27195805,台北市復興北路363號11樓,是,
00699R,元大美國政府7至10年期債券ETF傘型證券投資信託基金之元大美國政府7至10年期債券單日反向1倍證券投資信託基金,ICE美國政府7-10年期債券1倍反向指數,(02)27175555,槓桿/反向指數股票型基金,Yuanta Daily U.S. Treasury 7-10 Year Bond Bear 1X ETF,台北市中山區南京東路三段219號11樓,黃古彬,劉宗聖,劉宗聖,黃昭棠,周宜縉,42469765,,106/06/23,106/06/15,"714,000",臺灣集中保管結算所股份有限公司,(02)27195805,台北市復興北路363號11樓,是,
700,富邦恒生國企ETF證券投資信託基金,恒生中國企業指數,(02)8771-6688,國外成分證券指數股票型基金,Fubon Hang Seng China Enterprises  ETF,台北市敦化南路一段108號8樓,史綱,史綱,林欣怡,林欣怡,楊貽甯,42464918,富邦證券投資信託股份有限公司,106/07/28,106/07/21,"20,983,000",富邦證券投資信託股份有限公司,(02)8771-6688,台北市敦化南路一段108號8樓,是,
701,國泰低波動ETF傘型證券投資信託基金之臺灣低波動股利精選30證券投資信託基金,臺灣指數公司低波動精選30指數,227008399,國內成分證券指數股票型基金,Cathay TIP TAIEX +Low Volatility Select 30 ETF,台北市大安區敦化南路二段39號6樓,張錫,吳惠君,張雍川,張永輝,游日傑,42530591,國泰投信,106/08/17,106/08/09,"279,891,000",台灣集中保管結算所股份有限公司,227195805,台北市復興北路363號11樓,否,
702,國泰低波動ETF傘型證券投資信託基金之美國標普500低波動高股息證券投資信託基金,標普500低波動高股息指數,227008399,國外成分證券指數股票型基金,Cathay S&P 500 Low Volatility High,台北市大安區敦化南路二段39號6樓,張錫,吳惠君,張雍川,張永輝,鄭立誠,42530608,國泰證券投資信託股份有限公司,106/08/17,106/08/09,"6,688,000",台灣集中保管結算所股份有限公司,227195805,台北市復興北路363號11樓,是,
703,台新MSCI新興市場國家傘型ETF證券投資信託基金之台新MSCI中國證券投資信託基金,MSCI中國指數,2501-3838,國外成分證券指數股票型基金,Taishin MSCI China ETF,台北市中山區德惠街9-1號1樓,吳光雄,葉柱均,葉柱均,NA,王嘉豪,42528997,NA,106/08/10,106/08/02,"11,550,000",台灣集中保管結算所股份有限公司,27195805,台北市復興北路363號11樓,是,
00704L,台新MSCI新興市場國家傘型ETF證券投資信託基金之台新MSCI台灣單日正向2倍證券投資信託基金,MSCI台灣正向2倍指數,2501-1000,槓桿/反向指數股票型基金,Taishin MSCI Taiwan Daily Leveraged 2X ETF,台北市中山區建國北路一段96號13樓,吳火生,閰正宇,閰正宇,NA,王嘉豪,42528976,NA,106/08/10,106/08/02,"1,378,000",台新證券投資信託股份有限公司,2501-1000,台北市中山區建國北路一段96號13樓,否,
00705R,台新MSCI新興市場國家傘型ETF證券投資信託基金之台新MSCI台灣單日反向1倍證券投資信託基金,MSCI台灣反向1倍指數,2501-1000,槓桿/反向指數股票型基金,Taishin MSCI Taiwan Daily Inverse ETF,台北市中山區建國北路一段96號13樓,吳火生,閻正宇,閻正宇,NA,葉松炫,42528960,NA,106/08/10,106/08/02,"1,815,000",台新證券投資信託股份有限公司,2501-1000,台北市中山區建國北路一段96號13樓,否,
00706L,元大標普金日傘型期貨信託基金之元大標普日圓ER單日正向2倍指數股票型期貨信託基金,標普日圓期貨日報酬正向2倍ER指數,02-27175555,槓桿/反向指數股票型基金,Yuanta S&P Japanese Yen 2x Leverage ER Futures ETF,臺北市大安區敦化南路二段69號18樓及67號地下一層,劉宗聖,陳沛宇,陳沛宇,林瑞源,陳易廷,42529996,,106/09/01,106/08/23,"399,084,000",臺灣集中保管結算所股份有限公司,02-27195805,臺北市復興北路363號11樓,是,
00707R,元大標普金日傘型期貨信託基金之元大標普日圓ER單日反向1倍指數股票型期貨信託基金,標普日圓期貨日報酬反向1倍ER指數,02-27175555,槓桿/反向指數股票型基金,Yuanta S&P Japanese Yen 1x Inverse ER Futures ETF,臺北市大安區敦化南路二段69號18樓及67號地下一層,劉宗聖,陳沛宇,陳沛宇,林瑞源,黃議玄,42529975,,106/09/01,106/08/23,"5,855,000",臺灣集中保管結算所股份有限公司,02-27195805,臺北市復興北路363號11樓,是,
00708L,元大標普金日傘型期貨信託基金之元大標普高盛黃金ER單日正向2倍指數股票型期貨信託基金,標普高盛黃金日報酬正向兩倍ER指數,02-27175555,槓桿/反向指數股票型基金,Yuanta S&P GSCI Gold 2x Leveraged ER Futures ETF,臺北市大安區敦化南路二段69號18樓及67號地下一層,劉宗聖,陳沛宇,陳沛宇,林瑞源,潘昶安,42530001,,106/09/01,106/08/23,"41,573,000",臺灣集中保管結算所股份有限公司,02-27195805,臺北市復興北路363號11樓,是,
709,富邦富時歐洲ETF證券投資信託基金,富時發展歐洲指數,(02)8771-6688,國外成分證券指數股票型基金,Fubon FTSE Developed Europe ETF,台北市敦化南路一段108號8樓,史綱,史綱,林欣怡,林欣怡,溫芳儀,42529243,富邦證券投資信託股份有限公司,106/08/15,106/08/07,"12,460,000",富邦證券投資信託股份有限公司,(02)8771-6688,台北市敦化南路一段108號8樓,是,
00710B,復華全球收益ETF傘型證券投資信託基金之復華1至5年期非投資等級債券證券投資信託基金,彭博1至5年期美元高收益債券(不含中國)發行量五億美元產業10%上限指數,(02)8161-6800,國外成分證券指數股票型基金,Fuh Hwa 1-5 Yr High Yield ETF,台北市八德路二段308號8樓,杜俊雄,張偉智,張偉智,無,許忠成,42529932,,106/08/21,106/08/09,"304,261,000",臺灣集中保管結算所股份有限公司,(02)2719-5805,台北市復興北路363號11樓,是,
00711B,復華全球收益ETF傘型證券投資信託基金之復華新興市場10年期以上債券證券投資信託基金,彭博新興市場10年期以上美元投資等級債券(不含中國)國家10%上限指數,(02)8161-6800,國外成分證券指數股票型基金,Fuh Hwa Emerging Market 10+ Yr Bond ETF,台北市八德路二段308號8樓,杜俊雄,張偉智,張偉智,無,許忠成,42529953,,106/08/21,106/08/09,"886,761,000",臺灣集中保管結算所股份有限公司,(02)2719-5805,台北市復興北路363號11樓,是,
712,復華全球收益ETF傘型證券投資信託基金之復華富時不動產證券化證券投資信託基金,富時NAREIT抵押權型不動產投資信託指數,(02)8161-6800,國外成分證券指數股票型基金,Fuh Hwa FTSE Mortgage REITs ETF,台北市八德路二段308號8樓,杜俊雄,張偉智,張偉智,無,許忠成,42529948,,106/08/21,106/08/09,"2,143,011,000",臺灣集中保管結算所股份有限公司,(02)2719-5805,台北市復興北路363號11樓,是,
713,元大台灣高股息低波動ETF證券投資信託基金,臺灣指數公司特選高股息低波動指數,02-27175555,國內成分證券指數股票型基金,Yuanta Taiwan High Dividend Low Volatility ETF,臺北市大安區敦化南路二段69號18樓及67號地下一層,劉宗聖,陳沛宇,陳沛宇,林瑞源,蔡宗勳,42540916,,106/09/27,106/09/19,"826,512,000",臺灣集中保管結算所股份有限公司,02-27195805,台北市復興北路363號11樓,否,
714,群益道瓊美國地產ETF證券投資信託基金,道瓊美國地產指數(Dow Jones U.S. Real Estate Index),(02)27067688,國外成分證券指數股票型基金,CAPITAL DOW JONES U.S. REAL ESTATE  INDEX EXCHANGE TRADED FUND,台北市大安區敦化南路二段69號15樓,賴政昇,林慧玟,陳明輝,無,李鈺涵,42543131,無,106/10/27,106/10/20,"42,567,000",群益證券投資信託股份有限公司,(02)27067688,台北市大安區敦化南路二段69號15樓,是,
00715L,街口標普高盛布蘭特原油ER單日正向2倍指數股票型期貨信託基金,標普高盛布蘭特原油日報酬正向兩倍ER指數,(02)2750-5555,槓桿/反向指數股票型基金,JKO S&P GSCI Brent Crude 2x Leveraged ER Futures ETF,10666臺北市大安區市民大道三段206號9樓,高武忠,王皓正,王皓正,N/A,羅縢閎,42546947,,106/11/16,106/11/08,"308,384,000",臺灣集中保管結算所股份有限公司,(02)2719-5805,臺北市復興北路363號11樓,是,
00716R,華頓標普高盛布蘭特原油傘型期貨信託基金之華頓標普高盛布蘭特原油ER單日反向1倍指數股票型期貨信託基金,標普高盛布蘭特原油日報酬反向一倍ER指數,(02)2750-5555,指數股票型期貨信託基金,Paradigm S&P GSCI Brent Crude 1X Inverse ER Futures ETF,10666臺北市大安區市民大道三段206號9樓,王律傑,N/A,N/A,王皓正,黃昇平,42546952,,106/11/16,106/11/08,"158,000",臺灣集中保管結算所股份有限公司,(02)2719-5805,臺北市復興北路363號11樓,是,
717,富邦標普美國特別股ETF證券投資信託基金,標普美國特別股指數,(02)8771-6688,國外成分證券指數股票型基金,Fubon S&P US Preferred Stock ETF,台北市敦化南路一段108號8樓,史綱,史綱,林欣怡,林欣怡,蘇筱婷,42546448,富邦證券投資信託股份有限公司,106/11/29,106/11/13,"213,605,000",富邦證券投資信託股份有限公司,(02)8771-6688,台北市敦化南路一段108號8樓,是,
728,第一金臺灣工業菁英30ETF傘型證券投資信託基金之第一金臺灣工業菁英30 ETF證券投資信託基金,臺灣工業菁英30指數,(02)2504-1000,國內成分證券指數股票型基金,FSITC Taiwan Industry Elite 30 ETF,台北市10477民權東路三段6號7樓,薛淑梅,羅瑞民,陳如中,李文惠,曾萬勝,72949242,無,107/04/18,107/04/10,"96,423,000",臺灣集中保管結算所股份有限公司,02-27195805,&nbsp;台北市復興北路363號11樓,否,
00729R,第一金臺灣工業菁英30ETF傘型證券投資信託基金之第一金臺灣工業菁英30單日反向一倍ETF證券投資信託基金,臺灣工業菁英30日報酬反向一倍指數,(02)2504-1000,槓桿/反向指數股票型基金,FSITC Taiwan Industry Elite 30 Daily -1X Inverse ETF,台北市10477民權東路三段6號7樓,薛淑梅,羅瑞民,陳如中,李文惠,程懷毅,72949221,無,107/04/18,107/04/10,"598,000",&nbsp;臺灣集中保管結算所股份有,02-27195805,&nbsp;台北市復興北路363號11樓,否,
730,富邦道瓊臺灣優質高息30ETF證券投資信託基金,道瓊斯台灣優質高股息30指數,(02)8771-6688,國內成分證券指數股票型基金,Fubon Dow Jones Taiwan High-Quality Dividend 30 ETF,台北市敦化南路一段108號8樓,史綱,史綱,林欣怡,林欣怡,洪珮甄,72949931,富邦證券投資信託股份有限公司,107/02/08,107/01/30,"92,544,000",富邦證券投資信託股份有限公司,(02)8771-6688,台北市敦化南路一段108號8樓,否,
731,復華富時台灣高股息低波動證券投資信託基金,富時台灣高股息低波動指數,(02)8161-6800,國內成分證券指數股票型基金,Fuh Hwa FTSE Taiwan High Div Low Vol ETF,台北市中山區八德路二段308號8樓,杜俊雄,張偉智,張偉智,無,劉昌祚,72957164,,107/04/20,107/04/12,"15,600,000",台灣集中保管結算所股份有限公司,(02)2719-5805,台北市松山區復興北路363號11樓,否,
732,國泰優勢收益傘型證券投資信託基金之富時人民幣短期報酬ETF 證券投資信託基金,富時中國國債及政策性銀行債券0-1 年精選指數,227008399,國外成分證券指數股票型基金,Cathay FTSE Chinese Government and Policy Bank Bond 0-1Year Select ETF,台北市大安區敦化南路二段39號6樓,張錫,吳惠君,張雍川,張永輝,鄭立誠,72958749,國泰證券投資信託股份有限公司,107/05/14,107/05/04,"772,000",台灣集中保管結算所股份有限公司,(02)27195805,台北市復興北路363號11樓,是,
733,富邦臺灣中小A級動能50 ETF證券投資信託基金,臺灣指數公司中小型A級動能50指數,(02)8771-6688,國內成分證券指數股票型基金,Fubon Taiwan Small-Mid Cap Alpha Momentum 50 ETF,台北市敦化南路一段108號8樓,史綱,史綱,林欣怡,林欣怡,蘇筱婷,72960132,富邦證券投資信託股份有限公司,107/05/17,107/05/04,"27,966,000",富邦證券投資信託股份有限公司,(02)8771-6688,台北市敦化南路一段108號8樓,否,
735,國泰趨勢ETF傘型證券投資信託基金之臺韓科技證券投資信託基金,臺韓資訊科技指數,02-27008399,國外成分證券指數股票型基金,Cathay Korea/Taiwan IT Premier ETF,台北市大安區敦化南路二段39號6樓,張錫,吳惠君,張雍川,張永輝,游日傑,72962758,國泰證券投資信託股份有限公司,107/06/11,107/05/29,"6,289,000",台灣集中保管結算所股份有限公司,02-27195805,台北市復興北路363號11樓,是,
736,國泰趨勢ETF傘型證券投資信託基金之富時新興市場證券投資信託基金,富時新興市場（納入A股）指數,227008399,國外成分證券指數股票型基金,Cathay FTSE Emerging Markets ETF,台北市大安區敦化南路二段39號6樓,張錫,吳惠君,張雍川,張永輝,游凱卉,72962770,國泰投信,107/06/11,107/05/29,"6,727,000",台灣集中保管結算所股份有限公司,(02)27195805,台北市復興北路363號11樓,是,
737,國泰趨勢ETF傘型證券投資信託基金之納斯達克全球人工智慧及機器人證券投資信託基金,納斯達克 CTA 全球人工智慧及機器人指數,227008399,國外成分證券指數股票型基金,Cathay Nasdaq CTA Artificial Inteligence and Robotics ETF,台北市大安區敦化南路二段39號6樓,張錫,吳惠君,張雍川,張永輝,游日傑,72962743,國泰證券投資信託股份有限公司,107/06/11,107/05/29,"27,538,000",台灣集中保管結算所股份有限公司,227195805,台北市復興北路365號2樓,是,
00738U,元大道瓊白銀ER指數股票型期貨信託基金,道瓊白銀ER指數,02-27175555,指數股票型期貨信託基金,Yuanta DJCI Silver ER Futures ETF,臺北市大安區敦化南路二段69號18樓及67號地下一層,劉宗聖,陳沛宇,陳沛宇,林瑞源,潘昶安,72962639,,107/06/01,107/05/23,"53,799,000",臺灣集中保管結算所股份有限公司,02-27195805,臺北市復興北路363號11樓,是,
739,元大MSCI中國A股國際通ETF證券投資信託基金,MSCI中國A股國際通指數,02-27175555,國外成分證券指數股票型基金,Yuanta MSCI CHINA  A  ETF,臺北市大安區敦化南路二段69號18樓及67號地下一層,劉宗聖,陳沛宇,陳沛宇,林瑞源,陳重銓,72963026,,107/06/27,107/06/19,"35,488,000",臺灣集中保管結算所股份有限公司,(02)27195805,台北市復興北路363號11樓,是,
742,新光特選內需收益ETF證券投資信託基金,臺灣指數公司特選內需高收益指數,(02)25071123,國內成分證券指數股票型基金,Shin Kong Domestic Demand High Dividend ETF,台北市中山區南京東路二段167號11樓,劉坤錫,陳文雄,陳文雄,吳文同,N/A,72964067,,107/06/22,107/06/12,"1,610,000",臺灣集中保管結算所股份有限公司,(02)27195805,台北市復興北路363號11樓,否,
743,國泰新中國傘型證券投資信託基金之富時中國A150ETF證券投資信託基金,富時中國A150指數,227008399,國外成分證券指數股票型基金,Cathay FTSE China A150 ETF,台北市大安區敦化南路2段39號6樓,張錫,吳惠君,張雍川,張永輝,鄭立誠,72969582,國泰證券投資信託股份有限公司,107/08/03,107/07/25,"2,347,000",台灣集中保管結算所股份有限公司,227195805,台北市復興北路363號11樓,是,
752,中國信託中國外資自由投資50不含A及B股傘型ETF證券投資信託基金之中國信託MSCI中國外資自由50不含A及B股ETF證券投資信託基金,MSCI中國外資自由投資50不含A及B股指數,26526688,國外成分證券指數股票型基金,CTBC MSCI China Free 50 ex A and B ETF,台北市南港區經貿二路188號12樓,陳國世,陳正華,陳正華(代理),黃伊芃,詹佳峰,73680588,,107/10/31,107/10/24,"419,716,000",中國信託證券投資信託股份有限公,26526688,台北市南港區經貿二路188號12樓,是,
00753L,中國信託中國外資自由投資50不含A及B股傘型ETF證券投資信託基金之中國信託MSCI中國外資自由投資50不含A及B股單日正向2倍ETF證券投資信託基金,MSCI中國外資自由投資50不含A及B股單日正向2倍指數,26526688,槓桿/反向指數股票型基金,CTBC MSCI China Free 50 ex A and B Daily Leveraged 2X ETF,台北市南港區經貿二路188號12樓,陳國世,陳正華,陳正華(代理),黃伊芃,詹佳峰,73680567,,107/10/31,107/10/24,"532,657,000",中國信託證券投資信託股份有限公,26526688,台北市南港區經貿二路188號12樓,是,
757,統一NYSE FANG+ ETF證券投資信託基金,NYSE FANG+ Index,02-27478388,國外成分證券指數股票型基金,UPAMC NYSE  FANG+ ETF,台北市東興路8號8樓,鄧潤澤,董永寬,董永寬,游麗美,袁永騰,73692389,,107/12/06,107/11/27,"182,494,000",統一證券投資信託股份有限公司,02-27478388,台北市東興路8號8樓,是,
762,元大全球人工智慧ETF證券投資信託基金,STOXX全球人工智慧指數,(02)27175555,國外成分證券指數股票型基金,Yuanta  STOXX  Global  Artificial Intelligence  ETF,臺北市大安區敦化南路二段69號18樓及67號地下一層,劉宗聖,陳沛宇,陳沛宇,林瑞源,盧永祥,73694555,,108/01/23,108/01/16,"26,748,000",臺灣集中保管結算所股份有限公司,(02)27195805,台北市復興北路363號11樓,是,
00763U,街口道瓊銅ER指數股票型期貨信託基金,道瓊銅ER指數 (Dow Jones Commodity Index North American Copper ER),2750-5555,指數股票型期貨信託基金,JKO Dow Jones Copper ER Futures ETF,10666臺北市大安區市民大道三段206號9樓,高武忠,王皓正,王皓正,N/A,林泳光,73710513,,107/12/19,107/12/12,"9,565,000",臺灣集中保管結算所股份有限公司,(02)2719-5805,臺北市復興北路363號11樓,是,
00766L,台新MSCI中國外資自由投資單日正向2倍ETF證券投資信託基金,MSCI中國外資自由投資單日正向2倍指數,2501-3838,槓桿/反向指數股票型基金,Taishin MSCI China Free Leveraged 2X Daily ETF,台北市中山區德惠街9-1號1樓,吳光雄,葉柱均,葉柱均,NA,王嘉豪,74420409,NA,108/01/23,108/01/16,"1,946,000",台灣集中保管結算所股份有限公司,27195805,台北市復興北路363號11樓,是,
767,復華多元資產傘型證券投資信託基金之復華美國金融服務業股票ETF證券投資信託基金,道瓊斯美國金融服務業指數,(02)8161-6800,國外成分證券指數股票型基金,Fuh Hwa Dow Jones US Financial Services Equity ETF,台北市八德路二段308號8樓,杜俊雄,周輝啟,周輝啟,無,廖崇文,74423503,,108/01/28,108/01/15,"4,090,000",&nbsp;臺灣集中保管結算所股份有,(02)2719-5805,台北市復興北路363號11樓,是,
770,國泰標普北美科技ETF證券投資信託基金,標普北美科技行業指數,227008399,國外成分證券指數股票型基金,Cathay North American Technology ETF,台北市大安區敦化南路二段39號6樓,張錫,吳惠君,張雍川,張永輝,張家璇,74702435,國泰證券投資信託股份有限公司,108/01/29,108/01/22,"12,458,000",台灣集中保管結算所股份有限公司,227195805,台北市復興北路363號11樓,是,
771,元大標普美國高息特別股ETF證券投資信託基金,標普美國高收益特別股指數,(02)27175555,國外成分證券指數股票型基金,Yuanta S&P U.S. High Yield Preferred Stock ETF,臺北市大安區敦化南路二段69號18樓及67號地下一層,劉宗聖,陳沛宇,陳沛宇,林瑞源,劉偉正,74705236,,108/05/16,108/04/25,"20,225,000",臺灣集中保管結算所股份有限公司,(02)27195805,台北市復興北路363號11樓,是,
00774B,新光全方位收益ETF傘型證券投資信託基金之新光中國10年期國債及政策金融附加綠債債券ETF 證券投資信託基金,中債-10年期國債及政策銀行債綠色增強指數,(02)25071123,國外成分證券指數股票型基金,Shin Kong 10 Years China Treasury Policy Bank Green Bond ETF,台北市中山區南京東路二段167號11樓,劉坤錫,陳文雄,陳文雄,吳文同,王韻茹,74708917,,108/02/27,108/01/25,"2,350,000",臺灣集中保管結算所股份有限公司,(02)27195805,台北市復興北路363號11樓,是,
00774C,新光全方位收益ETF傘型證券投資信託基金之新光中國10年期國債及政策金融附加綠債債券ETF證券投資信託基金-加掛人民幣ETF受益憑證-國外成份/加掛外幣證券指數股票型基金,中債-10年期國債及政策銀行債綠色增強指數,(02)25071123,國外成份/加掛外幣證券指數股票型基金,Shin Kong 10 Years China Treasury Policy Bank Green Bond ETF RMB,台北市中山區南京東路二段167號11樓,劉坤錫,陳文雄,陳文雄,吳文同,林怡君,74708917,,108/08/28,108/07/01,"1,950,000",臺灣集中保管結算所股份有限公司,(02)27195805,台北市復興北路363號11樓,是,
00775B,新光全方位收益ETF傘型證券投資信託基金之新光富時15年以上特選產業美元投資等級債券ETF證券投資信託基金,富時15年期以上投資等級債券指數,(02)25071123,國外成分證券指數股票型基金,Shin Kong FTSE 15 Years Investment Grade USD Corporate Bond ETF,台北市中山區南京東路二段167號11樓,劉坤錫,陳文雄,陳文雄,吳文同,王韻茹,74708894,,108/02/15,108/01/25,"100,100,000",臺灣集中保管結算所股份有限公司,(02)27195805,台北市復興北路363號11樓,是,
776,新光全方位收益ETF傘型證券投資信託基金之新光NYSE美國核心大型權值股ETF證券投資信託基金,NYSE 美國核心大型權值股指數,(02)25071123,國外成分證券指數股票型基金,Shin Kong NYSE US Core Large Cap ETF,台北市中山區南京東路二段167號11樓,劉坤錫,陳文雄,陳文雄,吳文同,N/A,74708867,,108/02/15,108/01/25,"100,000",臺灣集中保管結算所股份有限公司,(02)27195805,台北市復興北路363號11樓,是,
783,富邦多元收益ⅡETF傘型證券投資信託基金之富邦中國中証中小500ETF證券投資信託基金,中証小盤500指數,(02)8771-6688,國外成分證券指數股票型基金,Fubon China CSI 500 Index ETF,台北市敦化南路一段108號8樓,史綱,史綱,林欣怡,林欣怡,陳又又吉,74721518,富邦證券投資信託股份有限公司,108/03/27,108/03/20,"9,531,000",富邦證券投資信託股份有限公司,(02)8771-6688,台北市敦化南路一段108號8樓,是,
80,恒生H股指數股票型基金,恒生H股指數,(02)23257888,境外指數股票型基金,HANG SENG H-SHARE INDEX ETF,台北市敦化南路二段99號24樓,馮孝忠,陳如中,馮孝忠,李珮瑜,恒生投資管理有限公司,22102255,匯豐中華證券投資信託股份有限公司,098/08/14,092/11/19,"500,000",匯豐中華證券投資信託股份有限公,(02)23257888,台北市敦化南路二段99號24樓,是,
81,恒生指數股票型基金,恒生指數,(02)23257888,境外指數股票型基金,HANG SENG INDEX ETF,台北市敦化南路二段99號24樓,馮孝忠,陳如中,馮孝忠,李珮瑜,恒生投資管理有限公司,22102255,匯豐中華證券投資信託股份有限公司,098/08/14,093/09/13,"250,000",匯豐中華證券投資信託股份有限公,(02)23257888,台北市敦化南路二段99號24樓,是,
8201,標智上證50中國指數基金(本基金配息來源可能為本金),上證50指數,(02)2181-5678,境外指數股票型基金,W.I.S.E. - SSE 50 China Tracker,台北市中山區明水路698號,丁紹曾,張慈恩,張慈恩,吳麗真,中銀國際英國保誠資產,70806514,凱基證券投資信託股份有限公司,099/12/08,098/04/09,"349,100",凱基證券股份有限公司股務代理部,2389-2999,台北市重慶南路1段2號5樓,是,
830,國泰大三元ETF傘型證券投資信託基金之美國費城半導體證券投資信託基金,美國費城半導體指數,227008399,國外成分證券指數股票型基金,Cathay U.S. PHLX Semiconductor Sector ETF,台北市大安區敦化南路二段39號6樓,張錫,吳惠君,張雍川,張永輝,游日傑,75968002,國泰證券投資信託股份有限公司,108/05/03,108/04/23,"341,465,000",台灣集中保管結算所股份有限公司,227195805,台北市復興北路363號11樓,是,
850,元大臺灣ESG永續ETF證券投資信託基金,臺灣永續指數,(02)27175555,國內成分證券指數股票型基金,Yuanta FTSE4Good TIP Taiwan ESG ETF,臺北市大安區敦化南路二段69號18樓及67號地下一層,劉宗聖,陳沛宇,陳沛宇,林瑞源,邱鉦淵,76322163,,108/08/23,108/08/15,"378,444,000",臺灣集中保管結算所股份有限公司,(02)27195805,台北市復興北路363號11樓,否,
851,台新SG全球AI機器人精選ETF證券投資信託基金,SG全球AI機器人精選指數,2501-3838,國外成分證券指數股票型基金,Taishin SG Global AI and Robotics Select ETF,台北市中山區德惠街9-1號1樓,吳光雄,葉柱均,葉柱均,NA,王嘉豪,76321684,,108/08/12,108/07/30,"9,025,000",台灣集中保管結算所股份有限公司,27195805,台北市復興北路363號11樓,是,
00852L,國泰道瓊工業平均指數單日正向2倍證券投資信託基金,道瓊斯工業平均單日正向2倍指數,02-27008399,槓桿/反向指數股票型基金,Cathay DJIA Daily Leveraged 2X ETF,台北市大安區敦化南路二段39號6樓,張錫,吳惠君,張雍川,張永輝,蘇鼎宇,76325112,國泰證券投資信託股份有限公司,108/08/22,108/08/15,"13,365,000",台灣集中保管結算所股份有限公司,02-27195805,台北市復興北路363號11樓,是,
861,元大全球未來通訊ETF證券投資信託基金,ICE FactSet 全球未來通訊指數,02-27175555,國外成分證券指數股票型基金,Yuanta Global NextGen Communications ETF,臺北市大安區敦化南路二段69號18樓及67號地下一層,劉宗聖,陳沛宇,陳沛宇,林瑞源,盧永祥,76347684,,108/11/19,108/11/11,"128,912,000",臺灣集中保管結算所股份有限公司,02-27195805,台北市復興北路363號11樓,是,
00865B,國泰美國收益傘型證券投資信託基金之美國短期公債ETF證券投資信託基金,彭博美國短期公債收益指數,02-27008399,國外成分證券指數股票型基金,Cathay US Short Term Treasury ETF,台北市大安區敦化南路二段39號6樓,張錫,吳惠君,張雍川,張永輝,鄭立誠,76355987,國泰證券投資信託股份有限公司,108/11/25,108/11/15,"9,744,000",台灣集中保管結算所股份有限公司,02-27195805,台北市復興北路363號11樓,是,
866,新光優質收益ETF傘型證券投資信託基金之新光Shiller Barclays CAPE&reg;美國產業價值投資ETF證券投資信託基金,Shiller Barclays CAPE&reg;美國產業價值投資指數,(02)25071123,國外成分證券指數股票型基金,Shin Kong Shiller Barclays CAPE&reg; US Sector Value ETF,台北市中山區南京東路二段167號11樓,劉坤錫,陳文雄,陳文雄,吳文同,N/A,76492547,,108/11/19,108/11/08,"1,229,000",臺灣集中保管結算所股份有限公司,(02)27195805,台北市復興北路363號11樓,是,
875,國泰網路資安ETF證券投資信託基金,納斯達克ISE 全球網路資安指數,227008399,國外成分證券指數股票型基金,Cathay Cyber Security ETF,台北市大安區敦化南路二段39號6樓,張錫,吳惠君,張雍川,張永輝,游日傑,77060531,國泰證券投資信託股份有限公司,109/03/30,109/03/23,"28,988,000",臺灣集中保管結算所股份有限公司,(02)2719-5805,台北市復興北路363號11樓,是,
876,元大全球5G關鍵科技ETF證券投資信託基金(原名:元大全球未來關鍵科技ETF證券投資信託基金),iSTOXX全球5G關鍵科技指數,(02)27175555,國外成分證券指數股票型基金,Yuanta Global 5G & NexGen Telecommunication Components ETF,臺北市大安區敦化南路二段69號18樓及67號地下一層,劉宗聖,陳沛宇,陳沛宇,林瑞源,劉偉正,77549343,,109/07/07,109/06/22,"177,524,000",臺灣集中保管結算股份有限公司,(02)27195805,台北市復興北路363號11樓,是,
878,國泰台灣高股息傘型證券投資信託基金之台灣ESG永續高股息ETF證券投資信託基金,MSCI臺灣ESG永續高股息精選30指數,02-27008399,國內成分證券指數股票型基金,Cathay MSCI Taiwan ESG Sustainability High Dividend Yield ETF,台北市大安區敦化南路二段39號6樓,張錫,吳惠君,張雍川,張永輝,鍾郁婕,88090913,國泰證券投資信託股份有限公司,109/07/20,109/07/10,"10,342,290,000",台灣集中保管結算所股份有限公司,02-27195805,台北市復興北路363號11樓,否,
881,國泰台灣5G PLUS ETF證券投資信託基金,臺灣指數公司特選臺灣上市上櫃FactSet 5G+通訊指數,02-27008399,國內成分證券指數股票型基金,Cathay Taiwan 5G PLUS ETF,台北市大安區敦化南路二段39號6樓,張錫,吳惠君,張雍川,張永輝,蘇鼎宇,88114133,國泰證券投資信託股份有限公司,109/12/10,109/12/01,"2,621,903,000",台灣集中保管結算所股份有限公司,02-27195805,台北市復興北路363號11樓,否,
882,中國信託全球收益ETF傘型證券投資信託基金之中國信託恒生中國高股息ETF證券投資信託基金,恒生中國高股息率指數,26526688,國外成分證券指數股票型基金,CTBC Hang Seng China High Dividend Yield ETF,台北市南港區經貿二路188號12樓,陳國世,陳正華,陳正華(代理),黃伊芃,葉松炫,88134187,,110/02/04,110/01/27,"3,470,349,000",中國信託證券投資信託股份有限公,26526688,台北市南港區經貿二路188號12樓,是,
885,富邦富時越南ETF證券投資信託基金,富時越南30指數,8771-6688,國外成分證券指數股票型基金,Fubon FTSE Vietnam ETF,台北市敦化南路一段108號8樓,史綱,史綱,林欣怡,林欣怡,楊貽甯,88173189,富邦證券投資信託股份有限公司,110/04/19,110/03/30,"1,980,738,000",富邦證券投資信託股份有限公司,8771-6688,台北市敦化南路一段108號8樓,是,
891,中國信託臺灣ESG永續關鍵半導體ETF證券投資信託基金,ICE FactSet 臺灣ESG永續關鍵半導體指數,26526688,國內成分證券指數股票型基金,CTBC Taiwan ESG Leading Semiconductor ETF,台北市南港區經貿二路188號12樓,陳國世,陳正華,陳正華(代理),黃伊芃,張圭慧,88182265,,110/05/28,110/05/20,"1,297,090,000",中國信託證券投資信託股份有限公,26526688,台北市南港區經貿二路188號12樓,否,
892,富邦台灣核心半導體ETF證券投資信託基金,ICE FactSet台灣核心半導體指數,8771-6688,國內成分證券指數股票型基金,Fubon ICE FactSet Taiwan Core Semiconductor ETF,台北市敦化南路一段108號8樓,史綱,史綱,林欣怡,林欣怡,陳又又吉,88183736,富邦證券投資信託股份有公司,110/06/10,110/06/02,"708,292,000",富邦證券投資信託股份有限公司,87716688,台北市敦化南路一段108號8樓,否,
893,國泰全球智能電動車ETF證券投資信託基金,ICE FactSet 全球智能電動車指數,227008399,國外成分證券指數股票型基金,Cathay Global Autonomous EV ETF,台北市大安區敦化南路二段39號6樓,張錫,吳惠君,張雍川,張永輝,游日傑,88185256,國泰證券投資信託股份有限公司,110/07/01,110/06/21,"1,188,884,000",臺灣集中保管結算所股份有限公司,(02)2719-5805,台北市復興北路363號11樓,是,
894,中國信託特選小資高價30ETF證券投資信託基金,臺灣指數公司特選小資高價30指數,(02)26526688,國內成分證券指數股票型基金,CTBC TIP Customized Investor Movement Aristocrats 30ETF,台北市南港區經貿二路188號12樓,陳國世,陳正華,陳正華(代理),黃伊芃,張圭慧,88195183,,110/08/13,110/08/05,"146,509,000",中國信託證券投資信託股份有限公,(02)26526688,台北市南港區經貿二路188號12樓,否,
895,富邦未來車ETF證券投資信託基金,MSCI ACWI IMI 精選未來車30指數,8771-6688,國外成分證券指數股票型基金,Fubon MSCI ACWI IMI Select Future Mobility Top 30 Capped ETF,台北市敦化南路一段108號8樓,史綱,史綱,林欣怡,林欣怡,王素珍,88194950,富邦證券投資信託股份有限公司,110/08/12,110/08/02,"305,916,000",富邦證券投資信託股份有限公司,8771-6688,台北市敦化南路一段108號8樓,是,
896,中國信託臺灣綠能及電動車ETF證券投資信託基金,臺灣指數公司特選臺灣上市上櫃綠能及電動車指數,(02)26526688,國內成分證券指數股票型基金,CTBC TIP Customized Taiwan Green Energy and Electric Vehicles ETF,台北市南港區經貿二路188號12樓,陳國世,陳正華,陳正華(代理),黃伊芃,張苡琤,88231049,,110/09/16,110/09/09,"268,880,000",中國信託證券投資信託股份有限公,(02)26526688,台北市南港區經貿二路188號12樓,否,
897,富邦基因免疫生技ETF證券投資信託基金,NYSE FactSet 全球基因免疫生技指數,8771-6688,國外成分證券指數股票型基金,Fubon NYSE FactSet Global Genomics and Immuno Biopharma ETF,台北市敦化南路一段108號8樓,史綱,史綱,林欣怡,林欣怡,蘇筱婷,88234242,富邦投信,110/10/04,110/09/24,"296,012,000",富邦證券投資信託股份有限公司,8771-6688,台北市敦化南路一段108號8樓,是,
898,國泰全球基因免疫與醫療革命ETF證券投資信託基金,Solactive全球基因免疫與醫療革命指數,227008399,國外成分證券指數股票型基金,Solactive Global Genomics Immunology and medical revolution index,台北市大安區敦化南路二段39號6樓,張錫,吳惠君,張雍川,張永輝,游日傑,88237803,國泰證券投資信託股份有限公司,110/11/22,110/11/11,"309,976,000",臺灣集中保管結算所股份有限公司,(02)2719-5805,台北市復興北路363號11樓,是,
899,富蘭克林華美全球潔淨能源ETF證券投資信託基金,標普全球潔淨能源精選指數,(02)27819599,國外成分證券指數股票型基金,Franklin Templeton SinoAm Global Clean Energy ETF,106台北市大安區忠孝東路四段87號12樓,黃書明,王亞立,王亞立,無,江明鴻,88251656,,111/01/21,111/01/12,"21,135,000",臺灣集中保管結算所股份有限公司,(02)27195805,&#160;台北市復興北路363號11樓,是,
900,富邦特選台灣高股息30 ETF證券投資信託基金,特選臺灣高股息30指數,8771-6688,國內成分證券指數股票型基金,Fubon Taiwan Index high dividend 30 ETF,台北市敦化南路一段108號8樓,史綱,史綱,林欣怡,林欣怡,黃煜翔,88254540,富邦投信,110/12/22,110/12/14,"3,031,525,000",富邦證券投資信託股份有限公司,8771-6688,台北市敦化南路一段108樓8樓,否,
901,永豐台灣智能車供應鏈ETF證券投資信託基金,臺灣指數公司特選上市上櫃臺灣智能車供應鏈聯盟指數,(02)2361-8110,國內成分證券指數股票型基金,SinoPac Taiwan Electric Vehicle Supply Chain ETF,100台北市博愛路17號13樓及14樓,陳思寬,羅瑞媛,濮樂偉,陳傳毅,林永祥,88255098,,110/12/15,110/12/06,"162,349,000",永豐證券投資信託股份有限公司,(02)2361-8110,100台北市博愛路17號13樓及14樓,否,
902,中國信託電池及儲能科技ETF證券投資信託基金,ICE FactSet 電池與儲能科技指數,(02)26526688,國外成分證券指數股票型基金,CTBC Battery and Energy Storage Technology ETF,台北市南港區經貿二路188號12樓,陳國世,陳正華,陳正華(代理),黃伊芃,詹佳峰,88261134,,111/01/25,111/01/18,"651,497,000",中國信託證券投資信託股份有限公,(02)26526688,台北市南港區經貿二路188號12樓,是,
903,富邦元宇宙ETF證券投資信託基金,Solactive元宇宙指數,8771-6688,國外成分證券指數股票型基金,Fubon Solactive Metaverse ETF,台北市敦化南路一段108號8樓,史綱,史綱,林欣怡,林欣怡,王辰方,88261140,富邦投信,111/01/24,111/01/14,"311,221,000",富邦證券投資信託股份有限公司,8771-6688,台北市敦化南路一段108號8樓,是,
904,新光臺灣全市場半導體精選30ETF證券投資信託基金,臺灣指數公司臺灣全市場半導體精選30指數,(02)25071123,國內成分證券指數股票型基金,Shin Kong TIP Taiwan Semiconductor 30 ETF,台北市中山區南京東路二段167號11樓,劉坤錫,陳文雄,陳文雄,吳文同,王韻茹,88265048,,111/03/07,111/02/23,"119,112,000",臺灣集中保管結算所股份有限公司,(02)27195805,台北市復興北路363號11樓,否,
905,富蘭克林華美臺灣Smart ETF證券投資信託基金,臺灣指數公司特選Smart多因子指數,(02)27819599,國內成分證券指數股票型基金,Franklin Templeton SinoAm Taiwan Smart ETF,106台北市大安區忠孝東路四段87號12樓,黃書明,王亞立,王亞立,無,林孟迪,88266320,無,111/04/21,111/04/13,"188,827,000",臺灣集中保管結算所股份有限公司,(02)27195805,&#160;台北市復興北路363號11樓,否,
906,大華銀元宇宙科技與服務ETF證券投資信託基金,Solactive元宇宙科技與服務指數,(02)2719-7005,國外成分證券指數股票型基金,United Metaverse Technology and Services ETF,臺北市松山區民生東路三段109號15樓,張文傑,張耿豪,王政修,無,鄭翰紘,88281125,無,111/05/17,111/05/06,"1,271,000",臺灣集中保管結算所股份有限公司,(02)27195805,台北市復興北路363號11樓,是,
907,永豐台灣優選入息存股ETF證券投資信託基金,臺灣指數公司特選臺灣優選入息存股指數,(02)2361-8110,國內成分證券指數股票型基金,SinoPac Taiwan Superior Dividend Highlight Stocks ETF,100台北市博愛路17號13樓及14樓,陳思寬,羅瑞媛,濮樂偉,陳傳毅,張怡琳,88313702,,111/05/24,111/05/17,"197,133,000",永豐證券投資信託股份有限公司,(02)2361-8110,100台北市博愛路17號13樓及14樓,否,
908,富邦全球入息不動產與基礎建設ETF證券投資信託基金,全球入息不動產與基礎建設指數,8771-6688,國外成分證券指數股票型基金,Fubon Global Dividend REITs and Infrastructure ETF,台北市敦化南路一段108號8樓,史綱,史綱,林欣怡,林欣怡,蘇筱婷,88313560,富邦投信,111/05/20,111/05/10,"51,916,000",富邦投信,8771-6688,台北市敦化南路一段108號8樓,是,
909,國泰全球數位支付服務ETF證券投資信託基金,Solactive全球數位支付服務指數,02-27008399,國外成分證券指數股票型基金,Cathay Global Digital Payment Services ETF,台北市大安區敦化南路二段39號6樓,張錫,吳惠君,張雍川,張永輝,游凱卉,88317046,國泰證券投資信託股份有限公司,111/07/13,111/07/01,"10,704,000",台灣集中保管結算所股份有限公司,02-27195805,台北市復興北路363號11樓,是,
910,第一金太空衛星ETF證券投資信託基金,太空衛星指數,(02)25041000,國外成分證券指數股票型基金,FSITC Aerospace and Satellite ETF,台北市10477民權東路三段6號7樓,尤昭文,林雅菁,廖文偉,李汪旗,牟宗堯,88316551,無,111/07/20,111/07/12,"7,439,000",臺灣集中保管結算所股份有限公司,(02)27195805,台北市復興北路363號11樓,是,
911,兆豐洲際半導體ETF證券投資信託基金,洲際半導體指數,21758388,國外成分證券指數股票型基金,Mega ICE Semiconductor ETF,台北市松山區復興北路167號17樓,陳佩君,黃大川,黃大川,謝秀瑛,吳朋鴻,88317812,無,111/06/27,111/06/17,"6,403,000",兆豐國際證券投資信託股份有限公,21758388,台北市松山區復興北路167號17樓,是,
912,中國信託臺灣智慧50ETF證券投資信託基金,臺灣指數公司特選臺灣上市上櫃智慧50指數,(02)26526688,國內成分證券指數股票型基金,CTBC TIP Customized Taiwan Smart Factor 50 ETF,台北市南港區經貿二路188號12樓,陳國世,陳正華,陳正華(代理),黃伊芃,張圭慧,88319403,,111/06/29,111/06/22,"53,253,000",中國信託證券投資信託股份有限公,(02)26526688,台北市南港區經貿二路188號12樓,否,
913,兆豐特選台灣晶圓製造 ETF證券投資信託基金,臺灣晶圓製造指數,(02)21758388,國內成分證券指數股票型基金,Mega Taiwan Wafer Manufacture ETF,台北市松山區復興北路167號17樓,陳佩君,黃大川,黃大川,謝秀瑛,吳朋鴻,88321560,無,111/08/08,111/08/01,"12,766,000",兆豐國際證券投資信託股份有限公,(02)21758388,台北市松山區復興北路167號17樓,否,
915,凱基台灣優選高股息30ETF證券投資信託基金,臺灣指數公司特選臺灣上市上櫃多因子優選高股息30指數,(02)2181-5678,國內成分證券指數股票型基金,KGI Taiwan Premium Selection High Dividend 30 ETF,台北市中山區明水路698號,丁紹曾,張慈恩,張慈恩,無,顏良宇,88324665,,111/08/09,111/08/01,"219,483,000",臺灣集中保管結算所股份有限公司,(02)2719-5805,台北市復興北路363號11樓,否,
916,國泰全球品牌50ETF證券投資信託基金,ICE FactSet 全球品牌50指數,(02)27008399,國外成分證券指數股票型基金,Cathay Global Top 50 Brands ETF,台北市大安區敦化南路二段39號6樓,張錫,吳惠君,張雍川,張永輝,李翰林,88325405,國泰證券投資信託股份有限公司,111/09/26,111/09/16,"68,919,000",臺灣集中保管結算所股份有限公司,(02)2719-5805,台北市復興北路363號11樓,是,
917,中國信託特選金融及數據ETF證券投資信託基金,ICE FactSet 特選金融及數據指數,(02)26526688,國外成分證券指數股票型基金,CTBC Selected Financials and Data Industry ETF,台北市南港區經貿二路188號12樓,陳國世,陳正華,陳正華(代理),黃伊芃,葉松炫,88326299,,111/08/26,111/08/18,"31,478,000",中國信託證券投資信託股份有限公,(02)26526688,台北市南港區經貿二路188號12樓,是,
918,大華銀台灣優選股利高填息30ETF證券投資信託基金,特選台灣優利高填息30指數,(02)2719-7005,國內成分證券指數股票型基金,United Taiwan High Dividend Recovery ETF,臺北市松山區民生東路三段109號16樓,張文傑,張耿豪,王政修,無,楊斯淵,88329556,無,111/11/24,111/11/15,"119,264,000",臺灣集中保管結算所股份有限公司,(02)27195805,台北市復興北路363號11樓,否,無
919,群益台灣精選高息ETF證券投資信託基金,臺灣指數公司特選臺灣上市上櫃精選高息指數,(02)27067688,國內成分證券指數股票型基金,CAPITAL TIP CUSTOMIZED TAIWAN SELECT HIGH DIVIDEND EXCHANGE TRADED FUND,台北市大安區敦化南路二段69號15樓,賴政昇,林慧玟,陳明輝,無,謝明志,88330879,無,111/10/20,111/10/13,"1,735,135,000",群益證券投資信託股份有限公司,(02)27067688,台北市大安區敦化南路二段69號15樓,否,
920,富邦全球ESG綠色電力ETF證券投資信託基金,ICE FactSet 全球綠能ESG指數,8771-6688,國外成分證券指數股票型基金,Fubon Global ESG Green Energy ETF,台北市敦化南路一段108號8樓,史綱,史綱,林欣怡,林欣怡,洪珮甄,88332996,富邦投信,111/10/20,111/10/12,"14,280,000",富邦投信,8771-6688,台北市敦化南路一段108號8樓,是,
921,兆豐台灣產業龍頭存股等權重ETF證券投資信託基金,特選臺灣產業龍頭存股等權重指數,(02)21758388,國內成分證券指數股票型基金,Mega Taiwan Market Leader EW ETF,台北市松山區復興北路167號17樓,陳佩君,黃大川,黃大川,謝秀瑛,吳朋鴻,88351249,無,112/01/13,112/01/04,"63,270,000",兆豐國際證券投資信託股份有限公司,(02)21758388,台北市松山區復興北路167號17樓,否,
922,國泰台灣領袖 50 ETF 證券投資信託基金,MSCI台灣領袖50精選指數,(02)27008399,國內成分證券指數股票型基金,Cathay MSCI Taiwan Leaders 50 Select ETF,台北市大安區敦化南路二段39號6樓,張錫,吳惠君,張雍川,張永輝,蘇鼎宇,88385923,國泰證券投資信託股份有限公司,112/03/27,112/03/16,"475,686,000",臺灣集中保管結算所股份有限公司,(02)2719-5805,台北市復興北路363號11樓,否,
923,群益台灣ESG低碳50ETF證券投資信託基金,臺灣指數公司特選臺灣ESG低碳50指數,(02)27067688,國內成分證券指數股票型基金,CAPITAL TIP CUSTOMIZED TAIWAN ESG LOW CARBON 50 EXCHANGE TRADED FUND,台北市大安區敦化南路二段69號15樓,賴政昇,林慧玟,陳明輝,無,洪祥益,88385901,無,112/03/08,112/02/24,"743,923,000",群益證券投資信託股份有限公司,(02)27067688,台北市大安區敦化南路二段69號15樓,否,
924,復華美國標普500成長ETF證券投資信託基金,標普500成長指數,(02)8161-6800,國外成分證券指數股票型基金,Fuh Hwa US S&P 500 Growth ETF,臺北市中山區八德路２段３０８號７樓、８樓及９樓,杜俊雄,張偉智,張偉智,無,吳允翔,88391777,,112/04/26,112/04/12,"114,103,000",臺灣集中保管結算所股份有限公司,(02)2719-5805,台北市復興北路363號11樓,是,
925,新光標普電動車ETF證券投資信託基金,標普Kensho電動車市值加權指數,(02)25071123,國外成分證券指數股票型基金,Shin Kong S&P Electric Vehicles ETF,台北市中山區南京東路二段167號11樓,劉坤錫,陳文雄,陳文雄,吳文同,劉恆誌,88392728,,112/04/18,112/03/31,"8,751,000",臺灣集中保管結算所股份有限公司,(02)27195805,台北市復興北路363號11樓,是,
926,凱基全球菁英55 ETF證券投資信託基金,彭博全球菁英 55 指數,(02)2181-5678,國外成分證券指數股票型基金,KGI Global Industry Elite 55 ETF,台北市中山區明水路698號,丁紹曾,張慈恩,張慈恩,無,施政廷,88396230,,112/06/02,112/05/26,"30,982,000",臺灣集中保管結算所股份有限公司,(02)2719-5805,台北市復興北路363號11樓,是,
927,群益台灣半導體收益ETF證券投資信託基金,臺灣指數公司特選臺灣上市上櫃半導體收益指數,(02)2706-7688,國內成分證券指數股票型基金,CAPITAL TIP CUSTOMIZED TAIWAN SEMICONDUCTOR DIVIDEND YIELD EXCHANGE TRADED FUND,台北市大安區敦化南路二段69號15樓,賴政昇,林慧玟,陳明輝,無,謝明志,88397435,無,112/06/06,112/05/29,"214,397,000",群益證券投資信託股份有限公司,(02)27067688,台北市大安區敦化南路二段69號15樓,否,
929,復華台灣科技優息ETF證券投資信託基金,臺灣指數公司特選臺灣上市上櫃科技優息指數,(02)8161-6800,國內成分證券指數股票型基金,Fuh Hwa Taiwan Technology Dividend Highlight ETF,台北市八德路二段308號8樓,杜俊雄,張偉智,張偉智,無,許忠成,88399314,,112/06/09,112/06/01,"3,801,139,000",&#160;臺灣集中保管結算所股份有限公司,(02)2719-5805,台北市復興北路363號11樓,否,
930,永豐台灣ESG低碳高息40ETF證券投資信託基金,臺灣指數公司特選臺灣上市上櫃ESG低碳高息40指數,(02)2361-8110,國內成分證券指數股票型基金,SinoPac Taiwan ESG Low Carbon High Dividend ETF,100台北市博愛路17號13樓及14樓,陳思寬,羅瑞媛,濮樂偉,陳傳毅,張怡琳,93104629,,112/07/13,112/07/07,"120,279,000",永豐證券投資信託股份有限公司,(02)2361-8110,100台北市博愛路17號13樓及14樓,否,
932,兆豐台灣ESG永續高股息等權重ETF證券投資信託基金,臺灣ESG永續高股息等權重指數,(02)21758388,國內成分證券指數股票型基金,Mega Taiwan ESG High Dividend Equal Weight ETF,台北市松山區復興北路167號17樓,陳佩君,黃大川,黃大川,謝秀瑛,吳朋鴻,93111473,無,112/09/01,112/08/22,"218,283,000",兆豐國際證券投資信託股份有限公司,(02)21758388,台北市松山區復興北路167號17樓,否,
